{"cameraMode":{"drawMode":0,"name":"Shaded","section":"Shading Mode"},"sceneLighting":true,"audioPlay":false,"sceneViewState":{"m_AlwaysRefresh":false,"showFog":true,"showSkybox":true,"showFlares":true,"showImageEffects":true,"showParticleSystems":true,"showVisualEffectGraphs":true,"m_FxEnabled":true},"in2DMode":false,"pivot":{"x":0.2899895906448364,"y":-29.363422393798829,"z":41.01686096191406},"rotation":{"x":0.29866233468055727,"y":-0.0009002562728710473,"z":0.00005539485937333666,"w":0.9542971849441528},"size":33.9315185546875,"orthographic":false}